issue_time_utc,weather_run_time_utc,turbine_id,period_start_utc,period_end_utc,initial_power,final_power,power_drop,threshold,threshold_status
2026-01-31T12:00:00Z,2026-01-31T00:00:00Z,turbine_1,2026-01-31T13:00:00Z,2026-01-31T16:00:00Z,0.2875117851100696,0.008799778417902804,0.278712006692166796,0.2,demonstration_not_history_calibrated
2026-01-31T12:00:00Z,2026-01-31T00:00:00Z,turbine_1,2026-02-02T08:00:00Z,2026-02-02T11:00:00Z,0.7264943409685106,0.06403261860311638,0.66246172236539422,0.2,demonstration_not_history_calibrated
2026-01-31T12:00:00Z,2026-01-31T00:00:00Z,turbine_1,2026-02-02T09:00:00Z,2026-02-02T12:00:00Z,0.6796075263575745,0.008980726542188344,0.670626799815386156,0.2,demonstration_not_history_calibrated
2026-01-31T12:00:00Z,2026-01-31T00:00:00Z,turbine_2,2026-01-31T13:00:00Z,2026-01-31T16:00:00Z,0.2666541122919618,0.009309571798983396,0.257344540492978404,0.2,demonstration_not_history_calibrated
2026-01-31T12:00:00Z,2026-01-31T00:00:00Z,turbine_2,2026-02-02T08:00:00Z,2026-02-02T11:00:00Z,0.6992100975581944,0.0523458928457331,0.6468642047124613,0.2,demonstration_not_history_calibrated
2026-01-31T12:00:00Z,2026-01-31T00:00:00Z,turbine_2,2026-02-02T09:00:00Z,2026-02-02T12:00:00Z,0.6603749126503904,0.009028672572134688,0.651346240078255712,0.2,demonstration_not_history_calibrated
2026-02-01T12:00:00Z,2026-02-01T00:00:00Z,turbine_1,2026-02-02T09:00:00Z,2026-02-02T12:00:00Z,0.6565155822271358,0.3721362575324613,0.2843793246946745,0.2,demonstration_not_history_calibrated
2026-02-01T12:00:00Z,2026-02-01T00:00:00Z,turbine_1,2026-02-02T10:00:00Z,2026-02-02T13:00:00Z,0.5664091623470127,0.011236577637276035,0.555172584709736665,0.2,demonstration_not_history_calibrated
2026-02-01T12:00:00Z,2026-02-01T00:00:00Z,turbine_1,2026-02-02T11:00:00Z,2026-02-02T14:00:00Z,0.5656142464652208,0.007768126697162148,0.557846119768058652,0.2,demonstration_not_history_calibrated
2026-02-01T12:00:00Z,2026-02-01T00:00:00Z,turbine_1,2026-02-02T12:00:00Z,2026-02-02T15:00:00Z,0.3721362575324613,0.009154296846704268,0.362981960685757032,0.2,demonstration_not_history_calibrated
2026-02-01T12:00:00Z,2026-02-01T00:00:00Z,turbine_2,2026-02-02T09:00:00Z,2026-02-02T12:00:00Z,0.649661713802874,0.3494554151840355,0.3002062986188385,0.2,demonstration_not_history_calibrated
2026-02-01T12:00:00Z,2026-02-01T00:00:00Z,turbine_2,2026-02-02T10:00:00Z,2026-02-02T13:00:00Z,0.5755005123696857,0.011882189387937614,0.563618322981748086,0.2,demonstration_not_history_calibrated
2026-02-01T12:00:00Z,2026-02-01T00:00:00Z,turbine_2,2026-02-02T11:00:00Z,2026-02-02T14:00:00Z,0.531064338594655,0.006838143339075786,0.524226195255579214,0.2,demonstration_not_history_calibrated
2026-02-01T12:00:00Z,2026-02-01T00:00:00Z,turbine_2,2026-02-02T12:00:00Z,2026-02-02T15:00:00Z,0.3494554151840355,0.010668225192393133,0.338787189991642367,0.2,demonstration_not_history_calibrated
2026-02-02T12:00:00Z,2026-02-02T00:00:00Z,turbine_1,2026-02-02T22:00:00Z,2026-02-03T01:00:00Z,0.2175583733532479,0.007510408400307478,0.210047964952940422,0.2,demonstration_not_history_calibrated
2026-02-02T12:00:00Z,2026-02-02T00:00:00Z,turbine_1,2026-02-03T13:00:00Z,2026-02-03T16:00:00Z,0.4418288049720033,0.24160161227448748,0.20022719269751582,0.2,demonstration_not_history_calibrated
2026-02-02T12:00:00Z,2026-02-02T00:00:00Z,turbine_1,2026-02-03T14:00:00Z,2026-02-03T17:00:00Z,0.40608496775845593,0.13818901612379259,0.26789595163466334,0.2,demonstration_not_history_calibrated
2026-02-02T12:00:00Z,2026-02-02T00:00:00Z,turbine_1,2026-02-03T15:00:00Z,2026-02-03T18:00:00Z,0.35061065919924045,0.10080127476072381,0.24980938443851664,0.2,demonstration_not_history_calibrated
2026-02-02T12:00:00Z,2026-02-02T00:00:00Z,turbine_1,2026-02-04T03:00:00Z,2026-02-04T06:00:00Z,0.3951881371348461,0.06791425045563432,0.32727388667921178,0.2,demonstration_not_history_calibrated
2026-02-02T12:00:00Z,2026-02-02T00:00:00Z,turbine_1,2026-02-04T04:00:00Z,2026-02-04T07:00:00Z,0.23857202696291127,0.035334354656948175,0.203237672305963095,0.2,demonstration_not_history_calibrated
2026-02-02T12:00:00Z,2026-02-02T00:00:00Z,turbine_2,2026-02-03T14:00:00Z,2026-02-03T17:00:00Z,0.37457630264820796,0.12385191335948284,0.25072438928872512,0.2,demonstration_not_history_calibrated
2026-02-02T12:00:00Z,2026-02-02T00:00:00Z,turbine_2,2026-02-03T15:00:00Z,2026-02-03T18:00:00Z,0.3318709167846353,0.08120735781269578,0.25066355897193952,0.2,demonstration_not_history_calibrated
2026-02-02T12:00:00Z,2026-02-02T00:00:00Z,turbine_2,2026-02-04T03:00:00Z,2026-02-04T06:00:00Z,0.36288393469692365,0.06220230419212175,0.30068163050480190,0.2,demonstration_not_history_calibrated
2026-02-03T12:00:00Z,2026-02-03T00:00:00Z,turbine_1,2026-02-03T23:00:00Z,2026-02-04T02:00:00Z,0.579026000441563,0.37088797307467847,0.20813802736688453,0.2,demonstration_not_history_calibrated
2026-02-03T12:00:00Z,2026-02-03T00:00:00Z,turbine_1,2026-02-04T04:00:00Z,2026-02-04T07:00:00Z,0.3947928711458522,0.08076371236313329,0.31402915878271891,0.2,demonstration_not_history_calibrated
2026-02-03T12:00:00Z,2026-02-03T00:00:00Z,turbine_1,2026-02-04T05:00:00Z,2026-02-04T08:00:00Z,0.37146646178440484,0.07147855394213781,0.29998790784226703,0.2,demonstration_not_history_calibrated
2026-02-03T12:00:00Z,2026-02-03T00:00:00Z,turbine_1,2026-02-05T08:00:00Z,2026-02-05T11:00:00Z,0.9692812767568456,0.7510113861635326,0.2182698905933130,0.2,demonstration_not_history_calibrated
2026-02-03T12:00:00Z,2026-02-03T00:00:00Z,turbine_1,2026-02-05T09:00:00Z,2026-02-05T12:00:00Z,0.9519546552607626,0.6256670257702471,0.3262876294905155,0.2,demonstration_not_history_calibrated
2026-02-03T12:00:00Z,2026-02-03T00:00:00Z,turbine_2,2026-02-04T04:00:00Z,2026-02-04T07:00:00Z,0.36446728622142693,0.07015132551120135,0.29431596071022558,0.2,demonstration_not_history_calibrated
2026-02-03T12:00:00Z,2026-02-03T00:00:00Z,turbine_2,2026-02-04T05:00:00Z,2026-02-04T08:00:00Z,0.35053915547988357,0.07075459645901772,0.27978455902086585,0.2,demonstration_not_history_calibrated
2026-02-03T12:00:00Z,2026-02-03T00:00:00Z,turbine_2,2026-02-05T08:00:00Z,2026-02-05T11:00:00Z,0.9652419806941956,0.5984226196056978,0.3668193610884978,0.2,demonstration_not_history_calibrated
2026-02-03T12:00:00Z,2026-02-03T00:00:00Z,turbine_2,2026-02-05T09:00:00Z,2026-02-05T12:00:00Z,0.9430015551642098,0.5962062798529555,0.3467952753112543,0.2,demonstration_not_history_calibrated
2026-02-04T12:00:00Z,2026-02-04T00:00:00Z,turbine_1,2026-02-05T07:00:00Z,2026-02-05T10:00:00Z,0.9692812767568456,0.5689907117333208,0.4002905650235248,0.2,demonstration_not_history_calibrated
2026-02-04T12:00:00Z,2026-02-04T00:00:00Z,turbine_1,2026-02-05T08:00:00Z,2026-02-05T11:00:00Z,0.9645474324236737,0.4829494123016474,0.4815980201220263,0.2,demonstration_not_history_calibrated
2026-02-04T12:00:00Z,2026-02-04T00:00:00Z,turbine_1,2026-02-05T09:00:00Z,2026-02-05T12:00:00Z,0.881247825418159,0.37339761506408475,0.50785021035407425,0.2,demonstration_not_history_calibrated
2026-02-04T12:00:00Z,2026-02-04T00:00:00Z,turbine_1,2026-02-05T10:00:00Z,2026-02-05T13:00:00Z,0.5689907117333208,0.34683670576965897,0.22215400596366183,0.2,demonstration_not_history_calibrated
2026-02-04T12:00:00Z,2026-02-04T00:00:00Z,turbine_1,2026-02-05T19:00:00Z,2026-02-05T22:00:00Z,0.3792568781835785,0.12514308410696487,0.25411379407661363,0.2,demonstration_not_history_calibrated
2026-02-04T12:00:00Z,2026-02-04T00:00:00Z,turbine_1,2026-02-05T20:00:00Z,2026-02-05T23:00:00Z,0.36517509928794173,0.019055735569994847,0.346119363717946883,0.2,demonstration_not_history_calibrated
2026-02-04T12:00:00Z,2026-02-04T00:00:00Z,turbine_1,2026-02-05T21:00:00Z,2026-02-06T00:00:00Z,0.29525687966002645,0.012195898013800388,0.283060981646226062,0.2,demonstration_not_history_calibrated
2026-02-04T12:00:00Z,2026-02-04T00:00:00Z,turbine_2,2026-02-05T07:00:00Z,2026-02-05T10:00:00Z,0.9648811439167934,0.5731141816485221,0.3917669622682713,0.2,demonstration_not_history_calibrated
2026-02-04T12:00:00Z,2026-02-04T00:00:00Z,turbine_2,2026-02-05T08:00:00Z,2026-02-05T11:00:00Z,0.9485726724183264,0.4575938964364435,0.4909787759818829,0.2,demonstration_not_history_calibrated
2026-02-04T12:00:00Z,2026-02-04T00:00:00Z,turbine_2,2026-02-05T09:00:00Z,2026-02-05T12:00:00Z,0.8727150825175605,0.3550750864966863,0.5176399960208742,0.2,demonstration_not_history_calibrated
2026-02-04T12:00:00Z,2026-02-04T00:00:00Z,turbine_2,2026-02-05T10:00:00Z,2026-02-05T13:00:00Z,0.5731141816485221,0.3222624960071351,0.2508516856413870,0.2,demonstration_not_history_calibrated
2026-02-04T12:00:00Z,2026-02-04T00:00:00Z,turbine_2,2026-02-05T19:00:00Z,2026-02-05T22:00:00Z,0.36078995091263366,0.11759895340168613,0.24319099751094753,0.2,demonstration_not_history_calibrated
2026-02-04T12:00:00Z,2026-02-04T00:00:00Z,turbine_2,2026-02-05T20:00:00Z,2026-02-05T23:00:00Z,0.35010891440708225,0.018885733053032705,0.331223181354049545,0.2,demonstration_not_history_calibrated
2026-02-04T12:00:00Z,2026-02-04T00:00:00Z,turbine_2,2026-02-05T21:00:00Z,2026-02-06T00:00:00Z,0.2787809788148956,0.01161115775886562,0.26716982105602998,0.2,demonstration_not_history_calibrated
2026-02-05T12:00:00Z,2026-02-05T00:00:00Z,turbine_1,2026-02-06T02:00:00Z,2026-02-06T05:00:00Z,0.22624933822675428,0.013922458847395791,0.212326879379358489,0.2,demonstration_not_history_calibrated
2026-02-05T12:00:00Z,2026-02-05T00:00:00Z,turbine_1,2026-02-06T03:00:00Z,2026-02-06T06:00:00Z,0.4227650136818147,0.11296410240059185,0.30980091128122285,0.2,demonstration_not_history_calibrated
2026-02-05T12:00:00Z,2026-02-05T00:00:00Z,turbine_1,2026-02-06T16:00:00Z,2026-02-06T19:00:00Z,0.9861930127193397,0.6743499977300813,0.3118430149892584,0.2,demonstration_not_history_calibrated
2026-02-05T12:00:00Z,2026-02-05T00:00:00Z,turbine_1,2026-02-06T17:00:00Z,2026-02-06T20:00:00Z,0.9839998980492197,0.49831364257831245,0.48568625547090725,0.2,demonstration_not_history_calibrated
2026-02-05T12:00:00Z,2026-02-05T00:00:00Z,turbine_1,2026-02-06T18:00:00Z,2026-02-06T21:00:00Z,0.978125015841682,0.36339976112827443,0.61472525471340757,0.2,demonstration_not_history_calibrated
2026-02-05T12:00:00Z,2026-02-05T00:00:00Z,turbine_1,2026-02-06T19:00:00Z,2026-02-06T22:00:00Z,0.6743499977300813,0.24235636705199573,0.43199363067808557,0.2,demonstration_not_history_calibrated
2026-02-05T12:00:00Z,2026-02-05T00:00:00Z,turbine_1,2026-02-06T20:00:00Z,2026-02-06T23:00:00Z,0.49831364257831245,0.1738664709262317,0.32444717165208075,0.2,demonstration_not_history_calibrated
2026-02-05T12:00:00Z,2026-02-05T00:00:00Z,turbine_1,2026-02-06T21:00:00Z,2026-02-07T00:00:00Z,0.36339976112827443,0.11855937727942079,0.24484038384885364,0.2,demonstration_not_history_calibrated
2026-02-05T12:00:00Z,2026-02-05T00:00:00Z,turbine_2,2026-02-06T02:00:00Z,2026-02-06T05:00:00Z,0.2059941179532896,0.004830556545969755,0.201163561407319845,0.2,demonstration_not_history_calibrated
2026-02-05T12:00:00Z,2026-02-05T00:00:00Z,turbine_2,2026-02-06T03:00:00Z,2026-02-06T06:00:00Z,0.387868477000954,0.09454410188520934,0.29332437511574466,0.2,demonstration_not_history_calibrated
2026-02-05T12:00:00Z,2026-02-05T00:00:00Z,turbine_2,2026-02-06T16:00:00Z,2026-02-06T19:00:00Z,0.9520114485620832,0.6489464827700596,0.3030649657920236,0.2,demonstration_not_history_calibrated
2026-02-05T12:00:00Z,2026-02-05T00:00:00Z,turbine_2,2026-02-06T17:00:00Z,2026-02-06T20:00:00Z,0.9722758250910274,0.4643706543660195,0.5079051707250079,0.2,demonstration_not_history_calibrated
2026-02-05T12:00:00Z,2026-02-05T00:00:00Z,turbine_2,2026-02-06T18:00:00Z,2026-02-06T21:00:00Z,0.9627034207366574,0.3413110143220913,0.6213924064145661,0.2,demonstration_not_history_calibrated
2026-02-05T12:00:00Z,2026-02-05T00:00:00Z,turbine_2,2026-02-06T19:00:00Z,2026-02-06T22:00:00Z,0.6489464827700596,0.22857128818773195,0.42037519458232765,0.2,demonstration_not_history_calibrated
2026-02-05T12:00:00Z,2026-02-05T00:00:00Z,turbine_2,2026-02-06T20:00:00Z,2026-02-06T23:00:00Z,0.4643706543660195,0.16210733860902052,0.30226331575699898,0.2,demonstration_not_history_calibrated
2026-02-05T12:00:00Z,2026-02-05T00:00:00Z,turbine_2,2026-02-06T21:00:00Z,2026-02-07T00:00:00Z,0.3413110143220913,0.11457338711117404,0.22673762721091726,0.2,demonstration_not_history_calibrated
2026-02-06T12:00:00Z,2026-02-06T00:00:00Z,turbine_1,2026-02-06T15:00:00Z,2026-02-06T18:00:00Z,0.9419679958508881,0.5752053553372273,0.3667626405136608,0.2,demonstration_not_history_calibrated
2026-02-06T12:00:00Z,2026-02-06T00:00:00Z,turbine_1,2026-02-06T16:00:00Z,2026-02-06T19:00:00Z,0.9473633617927658,0.23963899018838528,0.70772437160438052,0.2,demonstration_not_history_calibrated
2026-02-06T12:00:00Z,2026-02-06T00:00:00Z,turbine_1,2026-02-06T17:00:00Z,2026-02-06T20:00:00Z,0.8937265008856231,0.10987616384392124,0.78385033704170186,0.2,demonstration_not_history_calibrated
2026-02-06T12:00:00Z,2026-02-06T00:00:00Z,turbine_1,2026-02-06T18:00:00Z,2026-02-06T21:00:00Z,0.5752053553372273,0.11580271217673638,0.45940264316049092,0.2,demonstration_not_history_calibrated
2026-02-06T12:00:00Z,2026-02-06T00:00:00Z,turbine_1,2026-02-07T19:00:00Z,2026-02-07T22:00:00Z,0.7892599654524652,0.5820164291371832,0.2072435363152820,0.2,demonstration_not_history_calibrated
2026-02-06T12:00:00Z,2026-02-06T00:00:00Z,turbine_1,2026-02-07T20:00:00Z,2026-02-07T23:00:00Z,0.7299022677616935,0.5077666710032362,0.2221355967584573,0.2,demonstration_not_history_calibrated
2026-02-06T12:00:00Z,2026-02-06T00:00:00Z,turbine_1,2026-02-07T21:00:00Z,2026-02-08T00:00:00Z,0.6680969397554419,0.4100752035846938,0.2580217361707481,0.2,demonstration_not_history_calibrated
2026-02-06T12:00:00Z,2026-02-06T00:00:00Z,turbine_1,2026-02-07T22:00:00Z,2026-02-08T01:00:00Z,0.5820164291371832,0.32921399589423433,0.25280243324294887,0.2,demonstration_not_history_calibrated
2026-02-06T12:00:00Z,2026-02-06T00:00:00Z,turbine_1,2026-02-07T23:00:00Z,2026-02-08T02:00:00Z,0.5077666710032362,0.23683580864562054,0.27093086235761566,0.2,demonstration_not_history_calibrated
2026-02-06T12:00:00Z,2026-02-06T00:00:00Z,turbine_1,2026-02-08T00:00:00Z,2026-02-08T03:00:00Z,0.4100752035846938,0.17654285875547676,0.23353234482921704,0.2,demonstration_not_history_calibrated
2026-02-06T12:00:00Z,2026-02-06T00:00:00Z,turbine_1,2026-02-08T01:00:00Z,2026-02-08T04:00:00Z,0.32921399589423433,0.09023462159041301,0.23897937430382132,0.2,demonstration_not_history_calibrated
2026-02-06T12:00:00Z,2026-02-06T00:00:00Z,turbine_1,2026-02-08T02:00:00Z,2026-02-08T05:00:00Z,0.23683580864562054,0.027480238681231284,0.209355569964389256,0.2,demonstration_not_history_calibrated
2026-02-06T12:00:00Z,2026-02-06T00:00:00Z,turbine_2,2026-02-06T15:00:00Z,2026-02-06T18:00:00Z,0.9283726097456397,0.5546398132317174,0.3737327965139223,0.2,demonstration_not_history_calibrated
2026-02-06T12:00:00Z,2026-02-06T00:00:00Z,turbine_2,2026-02-06T16:00:00Z,2026-02-06T19:00:00Z,0.9283437762612107,0.22896704232747453,0.69937673393373617,0.2,demonstration_not_history_calibrated
2026-02-06T12:00:00Z,2026-02-06T00:00:00Z,turbine_2,2026-02-06T17:00:00Z,2026-02-06T20:00:00Z,0.8700472871501514,0.10282033482859909,0.76722695232155231,0.2,demonstration_not_history_calibrated
2026-02-06T12:00:00Z,2026-02-06T00:00:00Z,turbine_2,2026-02-06T18:00:00Z,2026-02-06T21:00:00Z,0.5546398132317174,0.10282033482859909,0.45181947840311831,0.2,demonstration_not_history_calibrated
2026-02-06T12:00:00Z,2026-02-06T00:00:00Z,turbine_2,2026-02-07T19:00:00Z,2026-02-07T22:00:00Z,0.76026807607404,0.5581999133603809,0.2020681627136591,0.2,demonstration_not_history_calibrated
2026-02-06T12:00:00Z,2026-02-06T00:00:00Z,turbine_2,2026-02-07T20:00:00Z,2026-02-07T23:00:00Z,0.6909046378579782,0.4807263465130872,0.2101782913448910,0.2,demonstration_not_history_calibrated
2026-02-06T12:00:00Z,2026-02-06T00:00:00Z,turbine_2,2026-02-07T21:00:00Z,2026-02-08T00:00:00Z,0.6259915195507355,0.38156105160090303,0.24443046794983247,0.2,demonstration_not_history_calibrated
2026-02-06T12:00:00Z,2026-02-06T00:00:00Z,turbine_2,2026-02-07T22:00:00Z,2026-02-08T01:00:00Z,0.5581999133603809,0.3063160200602377,0.2518838933001432,0.2,demonstration_not_history_calibrated
2026-02-06T12:00:00Z,2026-02-06T00:00:00Z,turbine_2,2026-02-07T23:00:00Z,2026-02-08T02:00:00Z,0.4807263465130872,0.22511872134386038,0.25560762516922682,0.2,demonstration_not_history_calibrated
2026-02-06T12:00:00Z,2026-02-06T00:00:00Z,turbine_2,2026-02-08T00:00:00Z,2026-02-08T03:00:00Z,0.38156105160090303,0.16415306814018804,0.21740798346071499,0.2,demonstration_not_history_calibrated
2026-02-06T12:00:00Z,2026-02-06T00:00:00Z,turbine_2,2026-02-08T01:00:00Z,2026-02-08T04:00:00Z,0.3063160200602377,0.07526771898463802,0.23104830107559968,0.2,demonstration_not_history_calibrated
2026-02-06T12:00:00Z,2026-02-06T00:00:00Z,turbine_2,2026-02-08T02:00:00Z,2026-02-08T05:00:00Z,0.22511872134386038,0.02119670916885147,0.20392201217500891,0.2,demonstration_not_history_calibrated
2026-02-07T12:00:00Z,2026-02-07T00:00:00Z,turbine_1,2026-02-07T19:00:00Z,2026-02-07T22:00:00Z,0.9451738256820805,0.668112960801327,0.2770608648807535,0.2,demonstration_not_history_calibrated
2026-02-07T12:00:00Z,2026-02-07T00:00:00Z,turbine_1,2026-02-07T20:00:00Z,2026-02-07T23:00:00Z,0.945027541965734,0.6162347396936307,0.3287928022721033,0.2,demonstration_not_history_calibrated
2026-02-07T12:00:00Z,2026-02-07T00:00:00Z,turbine_1,2026-02-07T21:00:00Z,2026-02-08T00:00:00Z,0.8523273322438583,0.5096598690258688,0.3426674632179895,0.2,demonstration_not_history_calibrated
2026-02-07T12:00:00Z,2026-02-07T00:00:00Z,turbine_1,2026-02-07T23:00:00Z,2026-02-08T02:00:00Z,0.6162347396936307,0.3000401375801506,0.3161946021134801,0.2,demonstration_not_history_calibrated
2026-02-07T12:00:00Z,2026-02-07T00:00:00Z,turbine_1,2026-02-08T00:00:00Z,2026-02-08T03:00:00Z,0.5096598690258688,0.09672200364999478,0.41293786537587402,0.2,demonstration_not_history_calibrated
2026-02-07T12:00:00Z,2026-02-07T00:00:00Z,turbine_1,2026-02-08T01:00:00Z,2026-02-08T04:00:00Z,0.4692692034991049,0.022189516099380524,0.447079687399724376,0.2,demonstration_not_history_calibrated
2026-02-07T12:00:00Z,2026-02-07T00:00:00Z,turbine_1,2026-02-08T02:00:00Z,2026-02-08T05:00:00Z,0.3000401375801506,0.012143318162164574,0.287896819417986026,0.2,demonstration_not_history_calibrated
2026-02-07T12:00:00Z,2026-02-07T00:00:00Z,turbine_1,2026-02-09T07:00:00Z,2026-02-09T10:00:00Z,0.7516046577596462,0.5492183473279973,0.2023863104316489,0.2,demonstration_not_history_calibrated
2026-02-07T12:00:00Z,2026-02-07T00:00:00Z,turbine_2,2026-02-07T19:00:00Z,2026-02-07T22:00:00Z,0.9303451035426168,0.6271303816117695,0.3032147219308473,0.2,demonstration_not_history_calibrated
2026-02-07T12:00:00Z,2026-02-07T00:00:00Z,turbine_2,2026-02-07T20:00:00Z,2026-02-07T23:00:00Z,0.9304363484734705,0.5853207122144135,0.3451156362590570,0.2,demonstration_not_history_calibrated
2026-02-07T12:00:00Z,2026-02-07T00:00:00Z,turbine_2,2026-02-07T21:00:00Z,2026-02-08T00:00:00Z,0.8141616140003176,0.4774376403697417,0.3367239736305759,0.2,demonstration_not_history_calibrated
2026-02-07T12:00:00Z,2026-02-07T00:00:00Z,turbine_2,2026-02-07T23:00:00Z,2026-02-08T02:00:00Z,0.5853207122144135,0.27960085741631335,0.30571985479810015,0.2,demonstration_not_history_calibrated
2026-02-07T12:00:00Z,2026-02-07T00:00:00Z,turbine_2,2026-02-08T00:00:00Z,2026-02-08T03:00:00Z,0.4774376403697417,0.08334632743517467,0.39409131293456703,0.2,demonstration_not_history_calibrated
2026-02-07T12:00:00Z,2026-02-07T00:00:00Z,turbine_2,2026-02-08T01:00:00Z,2026-02-08T04:00:00Z,0.4385924209582524,0.021016154609976134,0.417576266348276266,0.2,demonstration_not_history_calibrated
2026-02-07T12:00:00Z,2026-02-07T00:00:00Z,turbine_2,2026-02-08T02:00:00Z,2026-02-08T05:00:00Z,0.27960085741631335,0.009540077646607026,0.270060779769706324,0.2,demonstration_not_history_calibrated
2026-02-08T12:00:00Z,2026-02-08T00:00:00Z,turbine_1,2026-02-09T09:00:00Z,2026-02-09T12:00:00Z,0.8720116838491262,0.6612989650943197,0.2107127187548065,0.2,demonstration_not_history_calibrated
2026-02-08T12:00:00Z,2026-02-08T00:00:00Z,turbine_1,2026-02-09T10:00:00Z,2026-02-09T13:00:00Z,0.756800694014907,0.36448439511286607,0.39231629890204093,0.2,demonstration_not_history_calibrated
2026-02-08T12:00:00Z,2026-02-08T00:00:00Z,turbine_1,2026-02-09T11:00:00Z,2026-02-09T14:00:00Z,0.7296341076131447,0.17256367292355357,0.55707043468959113,0.2,demonstration_not_history_calibrated
2026-02-08T12:00:00Z,2026-02-08T00:00:00Z,turbine_1,2026-02-09T12:00:00Z,2026-02-09T15:00:00Z,0.6612989650943197,0.015608169295057928,0.645690795799261772,0.2,demonstration_not_history_calibrated
2026-02-08T12:00:00Z,2026-02-08T00:00:00Z,turbine_1,2026-02-09T13:00:00Z,2026-02-09T16:00:00Z,0.36448439511286607,0.007930897336642095,0.356553497776223975,0.2,demonstration_not_history_calibrated
2026-02-08T12:00:00Z,2026-02-08T00:00:00Z,turbine_1,2026-02-10T09:00:00Z,2026-02-10T12:00:00Z,0.49146192868723637,0.1942220356408405,0.29723989304639587,0.2,demonstration_not_history_calibrated
2026-02-08T12:00:00Z,2026-02-08T00:00:00Z,turbine_2,2026-02-09T05:00:00Z,2026-02-09T08:00:00Z,0.7684056941324926,0.34926757105257317,0.41913812307991943,0.2,demonstration_not_history_calibrated
2026-02-08T12:00:00Z,2026-02-08T00:00:00Z,turbine_2,2026-02-09T09:00:00Z,2026-02-09T12:00:00Z,0.8753259144508311,0.6221046122163887,0.2532213022344424,0.2,demonstration_not_history_calibrated
2026-02-08T12:00:00Z,2026-02-08T00:00:00Z,turbine_2,2026-02-09T10:00:00Z,2026-02-09T13:00:00Z,0.7365657833467316,0.33696208295571406,0.39960370039101754,0.2,demonstration_not_history_calibrated
2026-02-08T12:00:00Z,2026-02-08T00:00:00Z,turbine_2,2026-02-09T11:00:00Z,2026-02-09T14:00:00Z,0.705019505423992,0.15103177219772218,0.55398773322626982,0.2,demonstration_not_history_calibrated
2026-02-08T12:00:00Z,2026-02-08T00:00:00Z,turbine_2,2026-02-09T12:00:00Z,2026-02-09T15:00:00Z,0.6221046122163887,0.011509495163531003,0.610595117052857697,0.2,demonstration_not_history_calibrated
2026-02-08T12:00:00Z,2026-02-08T00:00:00Z,turbine_2,2026-02-09T13:00:00Z,2026-02-09T16:00:00Z,0.33696208295571406,0.010540783178964286,0.326421299776749774,0.2,demonstration_not_history_calibrated
2026-02-08T12:00:00Z,2026-02-08T00:00:00Z,turbine_2,2026-02-10T09:00:00Z,2026-02-10T12:00:00Z,0.469020165036529,0.18012350013407538,0.28889666490245362,0.2,demonstration_not_history_calibrated
2026-02-09T12:00:00Z,2026-02-09T00:00:00Z,turbine_1,2026-02-09T13:00:00Z,2026-02-09T16:00:00Z,0.48113692456016177,0.13575322257822206,0.34538370198193971,0.2,demonstration_not_history_calibrated
2026-02-09T12:00:00Z,2026-02-09T00:00:00Z,turbine_1,2026-02-09T14:00:00Z,2026-02-09T17:00:00Z,0.4327950832913659,0.03929357379336157,0.39350150949800433,0.2,demonstration_not_history_calibrated
2026-02-09T12:00:00Z,2026-02-09T00:00:00Z,turbine_1,2026-02-09T15:00:00Z,2026-02-09T18:00:00Z,0.28894554879277934,0.007823383250202487,0.281122165542576853,0.2,demonstration_not_history_calibrated
2026-02-09T12:00:00Z,2026-02-09T00:00:00Z,turbine_1,2026-02-10T07:00:00Z,2026-02-10T10:00:00Z,0.8742155518813536,0.29930497670330436,0.57491057517804924,0.2,demonstration_not_history_calibrated
2026-02-09T12:00:00Z,2026-02-09T00:00:00Z,turbine_1,2026-02-10T08:00:00Z,2026-02-10T11:00:00Z,0.6457056688700227,0.3240410625503737,0.3216646063196490,0.2,demonstration_not_history_calibrated
2026-02-09T12:00:00Z,2026-02-09T00:00:00Z,turbine_1,2026-02-10T09:00:00Z,2026-02-10T12:00:00Z,0.574854045092674,0.3706916272481432,0.2041624178445308,0.2,demonstration_not_history_calibrated
2026-02-09T12:00:00Z,2026-02-09T00:00:00Z,turbine_1,2026-02-10T11:00:00Z,2026-02-10T14:00:00Z,0.3240410625503737,0.05607966831294503,0.26796139423742867,0.2,demonstration_not_history_calibrated
2026-02-09T12:00:00Z,2026-02-09T00:00:00Z,turbine_1,2026-02-10T18:00:00Z,2026-02-10T21:00:00Z,0.961602430070211,0.673837192099793,0.287765237970418,0.2,demonstration_not_history_calibrated
2026-02-09T12:00:00Z,2026-02-09T00:00:00Z,turbine_1,2026-02-10T19:00:00Z,2026-02-10T22:00:00Z,0.96631127811538,0.4811186193430266,0.4851926587723534,0.2,demonstration_not_history_calibrated
2026-02-09T12:00:00Z,2026-02-09T00:00:00Z,turbine_1,2026-02-10T20:00:00Z,2026-02-10T23:00:00Z,0.7581595294826493,0.33387793838572427,0.42428159109692503,0.2,demonstration_not_history_calibrated
2026-02-09T12:00:00Z,2026-02-09T00:00:00Z,turbine_1,2026-02-10T21:00:00Z,2026-02-11T00:00:00Z,0.673837192099793,0.030705123683458235,0.643132068416334765,0.2,demonstration_not_history_calibrated
2026-02-09T12:00:00Z,2026-02-09T00:00:00Z,turbine_1,2026-02-10T22:00:00Z,2026-02-11T01:00:00Z,0.4811186193430266,0.01027500169775325,0.47084361764527335,0.2,demonstration_not_history_calibrated
2026-02-09T12:00:00Z,2026-02-09T00:00:00Z,turbine_1,2026-02-10T23:00:00Z,2026-02-11T02:00:00Z,0.33387793838572427,0.010124715427220543,0.323753222958503727,0.2,demonstration_not_history_calibrated
2026-02-09T12:00:00Z,2026-02-09T00:00:00Z,turbine_2,2026-02-09T13:00:00Z,2026-02-09T16:00:00Z,0.45152944217745494,0.12398719513321249,0.32754224704424245,0.2,demonstration_not_history_calibrated
2026-02-09T12:00:00Z,2026-02-09T00:00:00Z,turbine_2,2026-02-09T14:00:00Z,2026-02-09T17:00:00Z,0.4055981785846903,0.036630581017048136,0.368967597567642164,0.2,demonstration_not_history_calibrated
2026-02-09T12:00:00Z,2026-02-09T00:00:00Z,turbine_2,2026-02-09T15:00:00Z,2026-02-09T18:00:00Z,0.2676861899378884,0.009628963420147074,0.258057226517741326,0.2,demonstration_not_history_calibrated
2026-02-09T12:00:00Z,2026-02-09T00:00:00Z,turbine_2,2026-02-10T07:00:00Z,2026-02-10T10:00:00Z,0.8575254253180177,0.2949196501554284,0.5626057751625893,0.2,demonstration_not_history_calibrated
2026-02-09T12:00:00Z,2026-02-09T00:00:00Z,turbine_2,2026-02-10T08:00:00Z,2026-02-10T11:00:00Z,0.6230552850354072,0.3279048430339666,0.2951504420014406,0.2,demonstration_not_history_calibrated
2026-02-09T12:00:00Z,2026-02-09T00:00:00Z,turbine_2,2026-02-10T09:00:00Z,2026-02-10T12:00:00Z,0.5737379478858822,0.3550760802026106,0.2186618676832716,0.2,demonstration_not_history_calibrated
2026-02-09T12:00:00Z,2026-02-09T00:00:00Z,turbine_2,2026-02-10T11:00:00Z,2026-02-10T14:00:00Z,0.3279048430339666,0.04637048304592445,0.28153435998804215,0.2,demonstration_not_history_calibrated
2026-02-09T12:00:00Z,2026-02-09T00:00:00Z,turbine_2,2026-02-10T18:00:00Z,2026-02-10T21:00:00Z,0.9431761299064703,0.6357912610497404,0.3073848688567299,0.2,demonstration_not_history_calibrated
2026-02-09T12:00:00Z,2026-02-09T00:00:00Z,turbine_2,2026-02-10T19:00:00Z,2026-02-10T22:00:00Z,0.9535055171086161,0.45150060869302583,0.50200490841559027,0.2,demonstration_not_history_calibrated
2026-02-09T12:00:00Z,2026-02-09T00:00:00Z,turbine_2,2026-02-10T20:00:00Z,2026-02-10T23:00:00Z,0.7365671078657816,0.3062830892399608,0.4302840186258208,0.2,demonstration_not_history_calibrated
2026-02-09T12:00:00Z,2026-02-09T00:00:00Z,turbine_2,2026-02-10T21:00:00Z,2026-02-11T00:00:00Z,0.6357912610497404,0.025869012456946505,0.609922248592793895,0.2,demonstration_not_history_calibrated
2026-02-09T12:00:00Z,2026-02-09T00:00:00Z,turbine_2,2026-02-10T22:00:00Z,2026-02-11T01:00:00Z,0.45150060869302583,0.01066449280699494,0.44083611588603089,0.2,demonstration_not_history_calibrated
2026-02-09T12:00:00Z,2026-02-09T00:00:00Z,turbine_2,2026-02-10T23:00:00Z,2026-02-11T02:00:00Z,0.3062830892399608,0.01046685910952505,0.29581623013043575,0.2,demonstration_not_history_calibrated
2026-02-10T12:00:00Z,2026-02-10T00:00:00Z,turbine_1,2026-02-10T18:00:00Z,2026-02-10T21:00:00Z,0.9701440201934244,0.7582157492374193,0.2119282709560051,0.2,demonstration_not_history_calibrated
2026-02-10T12:00:00Z,2026-02-10T00:00:00Z,turbine_1,2026-02-10T19:00:00Z,2026-02-10T22:00:00Z,0.976894629706033,0.6393198879982793,0.3375747417077537,0.2,demonstration_not_history_calibrated
2026-02-10T12:00:00Z,2026-02-10T00:00:00Z,turbine_1,2026-02-10T20:00:00Z,2026-02-10T23:00:00Z,0.8337815620681559,0.5034195986846987,0.3303619633834572,0.2,demonstration_not_history_calibrated
2026-02-10T12:00:00Z,2026-02-10T00:00:00Z,turbine_1,2026-02-10T21:00:00Z,2026-02-11T00:00:00Z,0.7582157492374193,0.04660811842971324,0.71160763080770606,0.2,demonstration_not_history_calibrated
2026-02-10T12:00:00Z,2026-02-10T00:00:00Z,turbine_1,2026-02-10T22:00:00Z,2026-02-11T01:00:00Z,0.6393198879982793,0.011220053948767739,0.628099834049511561,0.2,demonstration_not_history_calibrated
2026-02-10T12:00:00Z,2026-02-10T00:00:00Z,turbine_1,2026-02-10T23:00:00Z,2026-02-11T02:00:00Z,0.5034195986846987,0.009492897570467451,0.493926701114231249,0.2,demonstration_not_history_calibrated
2026-02-10T12:00:00Z,2026-02-10T00:00:00Z,turbine_1,2026-02-11T14:00:00Z,2026-02-11T17:00:00Z,0.9595534619063318,0.6761482766009033,0.2834051853054285,0.2,demonstration_not_history_calibrated
2026-02-10T12:00:00Z,2026-02-10T00:00:00Z,turbine_1,2026-02-11T15:00:00Z,2026-02-11T18:00:00Z,0.9524813215131966,0.6491115148320509,0.3033698066811457,0.2,demonstration_not_history_calibrated
2026-02-10T12:00:00Z,2026-02-10T00:00:00Z,turbine_1,2026-02-11T17:00:00Z,2026-02-11T20:00:00Z,0.6761482766009033,0.4187085125779898,0.2574397640229135,0.2,demonstration_not_history_calibrated
2026-02-10T12:00:00Z,2026-02-10T00:00:00Z,turbine_1,2026-02-11T19:00:00Z,2026-02-11T22:00:00Z,0.6589428162278596,0.42475881903050167,0.23418399719735793,0.2,demonstration_not_history_calibrated
2026-02-10T12:00:00Z,2026-02-10T00:00:00Z,turbine_1,2026-02-11T22:00:00Z,2026-02-12T01:00:00Z,0.42475881903050167,0.12849453101449157,0.29626428801601010,0.2,demonstration_not_history_calibrated
2026-02-10T12:00:00Z,2026-02-10T00:00:00Z,turbine_1,2026-02-11T23:00:00Z,2026-02-12T02:00:00Z,0.391624369308329,0.027411302621035916,0.364213066687293084,0.2,demonstration_not_history_calibrated
2026-02-10T12:00:00Z,2026-02-10T00:00:00Z,turbine_1,2026-02-12T00:00:00Z,2026-02-12T03:00:00Z,0.3090192832086475,0.010841116153213148,0.298178167055434352,0.2,demonstration_not_history_calibrated
2026-02-10T12:00:00Z,2026-02-10T00:00:00Z,turbine_2,2026-02-10T18:00:00Z,2026-02-10T21:00:00Z,0.9580508267760026,0.7214364488549225,0.2366143779210801,0.2,demonstration_not_history_calibrated
2026-02-10T12:00:00Z,2026-02-10T00:00:00Z,turbine_2,2026-02-10T19:00:00Z,2026-02-10T22:00:00Z,0.973642624805124,0.5946996672595745,0.3789429575455495,0.2,demonstration_not_history_calibrated
2026-02-10T12:00:00Z,2026-02-10T00:00:00Z,turbine_2,2026-02-10T20:00:00Z,2026-02-10T23:00:00Z,0.8036620087924173,0.49136062114353163,0.31230138764888567,0.2,demonstration_not_history_calibrated
2026-02-10T12:00:00Z,2026-02-10T00:00:00Z,turbine_2,2026-02-10T21:00:00Z,2026-02-11T00:00:00Z,0.7214364488549225,0.04570357052753543,0.67573287832738707,0.2,demonstration_not_history_calibrated
2026-02-10T12:00:00Z,2026-02-10T00:00:00Z,turbine_2,2026-02-10T22:00:00Z,2026-02-11T01:00:00Z,0.5946996672595745,0.01206220762691701,0.58263745963265749,0.2,demonstration_not_history_calibrated
2026-02-10T12:00:00Z,2026-02-10T00:00:00Z,turbine_2,2026-02-10T23:00:00Z,2026-02-11T02:00:00Z,0.49136062114353163,0.011351326360404979,0.480009294783126651,0.2,demonstration_not_history_calibrated
2026-02-10T12:00:00Z,2026-02-10T00:00:00Z,turbine_2,2026-02-11T14:00:00Z,2026-02-11T17:00:00Z,0.9448471077525952,0.6488654701156775,0.2959816376369177,0.2,demonstration_not_history_calibrated
2026-02-10T12:00:00Z,2026-02-10T00:00:00Z,turbine_2,2026-02-11T15:00:00Z,2026-02-11T18:00:00Z,0.9325971862492718,0.6111577535121199,0.3214394327371519,0.2,demonstration_not_history_calibrated
2026-02-10T12:00:00Z,2026-02-10T00:00:00Z,turbine_2,2026-02-11T17:00:00Z,2026-02-11T20:00:00Z,0.6488654701156775,0.3901809317736072,0.2586845383420703,0.2,demonstration_not_history_calibrated
2026-02-10T12:00:00Z,2026-02-10T00:00:00Z,turbine_2,2026-02-11T19:00:00Z,2026-02-11T22:00:00Z,0.6225761893614369,0.40197395543557896,0.22060223392585794,0.2,demonstration_not_history_calibrated
2026-02-10T12:00:00Z,2026-02-10T00:00:00Z,turbine_2,2026-02-11T22:00:00Z,2026-02-12T01:00:00Z,0.40197395543557896,0.11700737620626869,0.28496657922931027,0.2,demonstration_not_history_calibrated
2026-02-10T12:00:00Z,2026-02-10T00:00:00Z,turbine_2,2026-02-11T23:00:00Z,2026-02-12T02:00:00Z,0.36301637443156787,0.024127321287037873,0.338889053144529997,0.2,demonstration_not_history_calibrated
2026-02-10T12:00:00Z,2026-02-10T00:00:00Z,turbine_2,2026-02-12T00:00:00Z,2026-02-12T03:00:00Z,0.2857561770938979,0.008572901531348986,0.277183275562548914,0.2,demonstration_not_history_calibrated
2026-02-11T12:00:00Z,2026-02-11T00:00:00Z,turbine_1,2026-02-11T14:00:00Z,2026-02-11T17:00:00Z,0.9815363131759722,0.7276643018151916,0.2538720113607806,0.2,demonstration_not_history_calibrated
2026-02-11T12:00:00Z,2026-02-11T00:00:00Z,turbine_1,2026-02-11T15:00:00Z,2026-02-11T18:00:00Z,0.960018523629002,0.6392906300485314,0.3207278935804706,0.2,demonstration_not_history_calibrated
2026-02-11T12:00:00Z,2026-02-11T00:00:00Z,turbine_1,2026-02-11T16:00:00Z,2026-02-11T19:00:00Z,0.883263053092306,0.376764475673674,0.506498577418632,0.2,demonstration_not_history_calibrated
2026-02-11T12:00:00Z,2026-02-11T00:00:00Z,turbine_1,2026-02-11T17:00:00Z,2026-02-11T20:00:00Z,0.7276643018151916,0.2912860382809951,0.4363782635341965,0.2,demonstration_not_history_calibrated
2026-02-11T12:00:00Z,2026-02-11T00:00:00Z,turbine_1,2026-02-11T18:00:00Z,2026-02-11T21:00:00Z,0.6392906300485314,0.3198327084428695,0.3194579216056619,0.2,demonstration_not_history_calibrated
2026-02-11T12:00:00Z,2026-02-11T00:00:00Z,turbine_1,2026-02-11T21:00:00Z,2026-02-12T00:00:00Z,0.3198327084428695,0.08095453058747021,0.23887817785539929,0.2,demonstration_not_history_calibrated
2026-02-11T12:00:00Z,2026-02-11T00:00:00Z,turbine_1,2026-02-11T22:00:00Z,2026-02-12T01:00:00Z,0.2449848958513114,0.013461166866897523,0.231523728984413877,0.2,demonstration_not_history_calibrated
2026-02-11T12:00:00Z,2026-02-11T00:00:00Z,turbine_2,2026-02-11T14:00:00Z,2026-02-11T17:00:00Z,0.973509256762791,0.6710976849392186,0.3024115718235724,0.2,demonstration_not_history_calibrated
2026-02-11T12:00:00Z,2026-02-11T00:00:00Z,turbine_2,2026-02-11T15:00:00Z,2026-02-11T18:00:00Z,0.9416180689205785,0.599017765720666,0.3426003031999125,0.2,demonstration_not_history_calibrated
2026-02-11T12:00:00Z,2026-02-11T00:00:00Z,turbine_2,2026-02-11T16:00:00Z,2026-02-11T19:00:00Z,0.8519206095781975,0.3608332583006548,0.4910873512775427,0.2,demonstration_not_history_calibrated
2026-02-11T12:00:00Z,2026-02-11T00:00:00Z,turbine_2,2026-02-11T17:00:00Z,2026-02-11T20:00:00Z,0.6710976849392186,0.2709134311163211,0.4001842538228975,0.2,demonstration_not_history_calibrated
2026-02-11T12:00:00Z,2026-02-11T00:00:00Z,turbine_2,2026-02-11T18:00:00Z,2026-02-11T21:00:00Z,0.599017765720666,0.29949274520173974,0.29952502051892626,0.2,demonstration_not_history_calibrated
2026-02-11T12:00:00Z,2026-02-11T00:00:00Z,turbine_2,2026-02-11T21:00:00Z,2026-02-12T00:00:00Z,0.29949274520173974,0.07415509661746283,0.22533764858427691,0.2,demonstration_not_history_calibrated
2026-02-11T12:00:00Z,2026-02-11T00:00:00Z,turbine_2,2026-02-11T22:00:00Z,2026-02-12T01:00:00Z,0.23276208937529688,0.010566680651165394,0.222195408724131486,0.2,demonstration_not_history_calibrated
2026-02-12T12:00:00Z,2026-02-12T00:00:00Z,turbine_1,2026-02-13T21:00:00Z,2026-02-14T00:00:00Z,0.5106837351635836,0.04161495030184725,0.46906878486173635,0.2,demonstration_not_history_calibrated
2026-02-12T12:00:00Z,2026-02-12T00:00:00Z,turbine_1,2026-02-13T22:00:00Z,2026-02-14T01:00:00Z,0.5287424914825543,0.011003886792693096,0.517738604689861204,0.2,demonstration_not_history_calibrated
2026-02-12T12:00:00Z,2026-02-12T00:00:00Z,turbine_1,2026-02-13T23:00:00Z,2026-02-14T02:00:00Z,0.3806632055032988,0.007703379534718668,0.372959825968580132,0.2,demonstration_not_history_calibrated
2026-02-12T12:00:00Z,2026-02-12T00:00:00Z,turbine_2,2026-02-13T21:00:00Z,2026-02-14T00:00:00Z,0.48403454305387,0.03453460874010522,0.44949993431376478,0.2,demonstration_not_history_calibrated
2026-02-12T12:00:00Z,2026-02-12T00:00:00Z,turbine_2,2026-02-13T22:00:00Z,2026-02-14T01:00:00Z,0.501242357418307,0.012290485429429288,0.488951871988877712,0.2,demonstration_not_history_calibrated
2026-02-12T12:00:00Z,2026-02-12T00:00:00Z,turbine_2,2026-02-13T23:00:00Z,2026-02-14T02:00:00Z,0.3566400717157309,0.009616052317452828,0.347024019398278072,0.2,demonstration_not_history_calibrated
2026-02-13T12:00:00Z,2026-02-13T00:00:00Z,turbine_1,2026-02-13T19:00:00Z,2026-02-13T22:00:00Z,0.6446297220433729,0.42257812963209257,0.22205159241128033,0.2,demonstration_not_history_calibrated
2026-02-13T12:00:00Z,2026-02-13T00:00:00Z,turbine_1,2026-02-13T20:00:00Z,2026-02-13T23:00:00Z,0.7070479012523222,0.38940635696518844,0.31764154428713376,0.2,demonstration_not_history_calibrated
2026-02-13T12:00:00Z,2026-02-13T00:00:00Z,turbine_1,2026-02-13T21:00:00Z,2026-02-14T00:00:00Z,0.620038343384806,0.30599958898542584,0.31403875439938016,0.2,demonstration_not_history_calibrated
2026-02-13T12:00:00Z,2026-02-13T00:00:00Z,turbine_1,2026-02-13T22:00:00Z,2026-02-14T01:00:00Z,0.42257812963209257,0.17547303157565858,0.24710509805643399,0.2,demonstration_not_history_calibrated
2026-02-13T12:00:00Z,2026-02-13T00:00:00Z,turbine_1,2026-02-13T23:00:00Z,2026-02-14T02:00:00Z,0.38940635696518844,0.030115794044101918,0.359290562921086522,0.2,demonstration_not_history_calibrated
2026-02-13T12:00:00Z,2026-02-13T00:00:00Z,turbine_1,2026-02-14T00:00:00Z,2026-02-14T03:00:00Z,0.30599958898542584,0.031088562657833718,0.274911026327592122,0.2,demonstration_not_history_calibrated
2026-02-13T12:00:00Z,2026-02-13T00:00:00Z,turbine_1,2026-02-15T08:00:00Z,2026-02-15T11:00:00Z,0.8480338659311013,0.6146534567956148,0.2333804091354865,0.2,demonstration_not_history_calibrated
2026-02-13T12:00:00Z,2026-02-13T00:00:00Z,turbine_1,2026-02-15T09:00:00Z,2026-02-15T12:00:00Z,0.7813079676885768,0.5411316788757703,0.2401762888128065,0.2,demonstration_not_history_calibrated
2026-02-13T12:00:00Z,2026-02-13T00:00:00Z,turbine_2,2026-02-13T19:00:00Z,2026-02-13T22:00:00Z,0.6053590175531682,0.3857382350802783,0.2196207824728899,0.2,demonstration_not_history_calibrated
2026-02-13T12:00:00Z,2026-02-13T00:00:00Z,turbine_2,2026-02-13T20:00:00Z,2026-02-13T23:00:00Z,0.6691823491757704,0.35857367773823906,0.31060867143753134,0.2,demonstration_not_history_calibrated
2026-02-13T12:00:00Z,2026-02-13T00:00:00Z,turbine_2,2026-02-13T21:00:00Z,2026-02-14T00:00:00Z,0.5923343809832055,0.28479422212493094,0.30754015885827456,0.2,demonstration_not_history_calibrated
2026-02-13T12:00:00Z,2026-02-13T00:00:00Z,turbine_2,2026-02-13T22:00:00Z,2026-02-14T01:00:00Z,0.3857382350802783,0.1588267434868459,0.2269114915934324,0.2,demonstration_not_history_calibrated
2026-02-13T12:00:00Z,2026-02-13T00:00:00Z,turbine_2,2026-02-13T23:00:00Z,2026-02-14T02:00:00Z,0.35857367773823906,0.0257378222798757,0.33283585545836336,0.2,demonstration_not_history_calibrated
2026-02-13T12:00:00Z,2026-02-13T00:00:00Z,turbine_2,2026-02-14T00:00:00Z,2026-02-14T03:00:00Z,0.28479422212493094,0.0244014378177817,0.26039278430714924,0.2,demonstration_not_history_calibrated
2026-02-13T12:00:00Z,2026-02-13T00:00:00Z,turbine_2,2026-02-15T07:00:00Z,2026-02-15T10:00:00Z,0.7905336748194893,0.5890793211059683,0.2014543537135210,0.2,demonstration_not_history_calibrated
2026-02-13T12:00:00Z,2026-02-13T00:00:00Z,turbine_2,2026-02-15T08:00:00Z,2026-02-15T11:00:00Z,0.8171237971162019,0.5929691798437586,0.2241546172724433,0.2,demonstration_not_history_calibrated
2026-02-13T12:00:00Z,2026-02-13T00:00:00Z,turbine_2,2026-02-15T09:00:00Z,2026-02-15T12:00:00Z,0.7634524746001952,0.508012530682693,0.2554399439175022,0.2,demonstration_not_history_calibrated
2026-02-14T12:00:00Z,2026-02-14T00:00:00Z,turbine_1,2026-02-15T07:00:00Z,2026-02-15T10:00:00Z,0.8047818690382259,0.5689907117333208,0.2357911573049051,0.2,demonstration_not_history_calibrated
2026-02-14T12:00:00Z,2026-02-14T00:00:00Z,turbine_1,2026-02-15T08:00:00Z,2026-02-15T11:00:00Z,0.8002826298471802,0.5317521328064453,0.2685304970407349,0.2,demonstration_not_history_calibrated
2026-02-14T12:00:00Z,2026-02-14T00:00:00Z,turbine_1,2026-02-15T14:00:00Z,2026-02-15T17:00:00Z,0.5681180327410295,0.26783088631699636,0.30028714642403314,0.2,demonstration_not_history_calibrated
2026-02-14T12:00:00Z,2026-02-14T00:00:00Z,turbine_1,2026-02-15T15:00:00Z,2026-02-15T18:00:00Z,0.5328367375983838,0.24134321137806863,0.29149352622031517,0.2,demonstration_not_history_calibrated
2026-02-14T12:00:00Z,2026-02-14T00:00:00Z,turbine_2,2026-02-15T08:00:00Z,2026-02-15T11:00:00Z,0.7822535377446289,0.5047009485265589,0.2775525892180700,0.2,demonstration_not_history_calibrated
2026-02-14T12:00:00Z,2026-02-14T00:00:00Z,turbine_2,2026-02-15T14:00:00Z,2026-02-15T17:00:00Z,0.5351627917794963,0.24869508280633967,0.28646770897315663,0.2,demonstration_not_history_calibrated
2026-02-14T12:00:00Z,2026-02-14T00:00:00Z,turbine_2,2026-02-15T15:00:00Z,2026-02-15T18:00:00Z,0.48773376599205764,0.22481477528634805,0.26291899070570959,0.2,demonstration_not_history_calibrated
2026-02-15T12:00:00Z,2026-02-15T00:00:00Z,turbine_1,2026-02-15T14:00:00Z,2026-02-15T17:00:00Z,0.4809023832240645,0.18328179940430417,0.29762058381976033,0.2,demonstration_not_history_calibrated
2026-02-15T12:00:00Z,2026-02-15T00:00:00Z,turbine_1,2026-02-15T15:00:00Z,2026-02-15T18:00:00Z,0.4600400906603236,0.1173907657924807,0.3426493248678429,0.2,demonstration_not_history_calibrated
2026-02-15T12:00:00Z,2026-02-15T00:00:00Z,turbine_1,2026-02-16T09:00:00Z,2026-02-16T12:00:00Z,0.48206939212749994,0.25614800603915355,0.22592138608834639,0.2,demonstration_not_history_calibrated
2026-02-15T12:00:00Z,2026-02-15T00:00:00Z,turbine_1,2026-02-16T10:00:00Z,2026-02-16T13:00:00Z,0.4916848529634733,0.13986826888142467,0.35181658408204863,0.2,demonstration_not_history_calibrated
2026-02-15T12:00:00Z,2026-02-15T00:00:00Z,turbine_1,2026-02-16T11:00:00Z,2026-02-16T14:00:00Z,0.43950088672397436,0.14996625142983097,0.28953463529414339,0.2,demonstration_not_history_calibrated
2026-02-15T12:00:00Z,2026-02-15T00:00:00Z,turbine_2,2026-02-15T14:00:00Z,2026-02-15T17:00:00Z,0.44308045109174543,0.16809939942709323,0.27498105166465220,0.2,demonstration_not_history_calibrated
2026-02-15T12:00:00Z,2026-02-15T00:00:00Z,turbine_2,2026-02-15T15:00:00Z,2026-02-15T18:00:00Z,0.4300743634234825,0.10577858612534324,0.32429577729813926,0.2,demonstration_not_history_calibrated
2026-02-15T12:00:00Z,2026-02-15T00:00:00Z,turbine_2,2026-02-16T09:00:00Z,2026-02-16T12:00:00Z,0.4686118934056053,0.24941404912572923,0.21919784427987607,0.2,demonstration_not_history_calibrated
2026-02-15T12:00:00Z,2026-02-15T00:00:00Z,turbine_2,2026-02-16T10:00:00Z,2026-02-16T13:00:00Z,0.4789584388328209,0.1262876970365308,0.3526707417962901,0.2,demonstration_not_history_calibrated
2026-02-15T12:00:00Z,2026-02-15T00:00:00Z,turbine_2,2026-02-16T11:00:00Z,2026-02-16T14:00:00Z,0.4257677163593365,0.13747368703573543,0.28829402932360107,0.2,demonstration_not_history_calibrated
2026-02-16T12:00:00Z,2026-02-16T00:00:00Z,turbine_1,2026-02-17T19:00:00Z,2026-02-17T22:00:00Z,0.5041647511725939,0.3016290564956906,0.2025356946769033,0.2,demonstration_not_history_calibrated
2026-02-16T12:00:00Z,2026-02-16T00:00:00Z,turbine_1,2026-02-18T09:00:00Z,2026-02-18T12:00:00Z,0.8730432402189015,0.519768689846305,0.3532745503725965,0.2,demonstration_not_history_calibrated
2026-02-16T12:00:00Z,2026-02-16T00:00:00Z,turbine_2,2026-02-17T19:00:00Z,2026-02-17T22:00:00Z,0.4710648816855584,0.26987833248877274,0.20118654919678566,0.2,demonstration_not_history_calibrated
2026-02-16T12:00:00Z,2026-02-16T00:00:00Z,turbine_2,2026-02-18T09:00:00Z,2026-02-18T12:00:00Z,0.8654665821804015,0.5145178956971059,0.3509486864832956,0.2,demonstration_not_history_calibrated
2026-02-17T12:00:00Z,2026-02-17T00:00:00Z,turbine_1,2026-02-18T10:00:00Z,2026-02-18T13:00:00Z,0.7301945400744791,0.2394405415578408,0.4907539985166383,0.2,demonstration_not_history_calibrated
2026-02-17T12:00:00Z,2026-02-17T00:00:00Z,turbine_1,2026-02-18T11:00:00Z,2026-02-18T14:00:00Z,0.7117427136488823,0.27548241738400603,0.43626029626487627,0.2,demonstration_not_history_calibrated
2026-02-17T12:00:00Z,2026-02-17T00:00:00Z,turbine_1,2026-02-18T12:00:00Z,2026-02-18T15:00:00Z,0.603145848457171,0.30592527232553,0.297220576131641,0.2,demonstration_not_history_calibrated
2026-02-17T12:00:00Z,2026-02-17T00:00:00Z,turbine_1,2026-02-18T19:00:00Z,2026-02-18T22:00:00Z,0.3256801428031795,0.12134077429363288,0.20433936850954662,0.2,demonstration_not_history_calibrated
2026-02-17T12:00:00Z,2026-02-17T00:00:00Z,turbine_2,2026-02-18T10:00:00Z,2026-02-18T13:00:00Z,0.7088866862827433,0.22151257754313408,0.48737410873960922,0.2,demonstration_not_history_calibrated
2026-02-17T12:00:00Z,2026-02-17T00:00:00Z,turbine_2,2026-02-18T11:00:00Z,2026-02-18T14:00:00Z,0.6755730766792478,0.25616017321904283,0.41941290346020497,0.2,demonstration_not_history_calibrated
2026-02-17T12:00:00Z,2026-02-17T00:00:00Z,turbine_2,2026-02-18T12:00:00Z,2026-02-18T15:00:00Z,0.5883694787284175,0.2774812831644195,0.3108881955639980,0.2,demonstration_not_history_calibrated
2026-02-18T12:00:00Z,2026-02-18T00:00:00Z,turbine_1,2026-02-18T16:00:00Z,2026-02-18T19:00:00Z,0.39719395376281363,0.1644488973574618,0.23274505640535183,0.2,demonstration_not_history_calibrated
2026-02-18T12:00:00Z,2026-02-18T00:00:00Z,turbine_1,2026-02-20T01:00:00Z,2026-02-20T04:00:00Z,0.4778397447429625,0.16527570600853742,0.31256403873442508,0.2,demonstration_not_history_calibrated
2026-02-18T12:00:00Z,2026-02-18T00:00:00Z,turbine_1,2026-02-20T02:00:00Z,2026-02-20T05:00:00Z,0.3965001322486299,0.10107322948496633,0.29542690276366357,0.2,demonstration_not_history_calibrated
2026-02-18T12:00:00Z,2026-02-18T00:00:00Z,turbine_1,2026-02-20T03:00:00Z,2026-02-20T06:00:00Z,0.33600100435337027,0.05790076530906951,0.27810023904430076,0.2,demonstration_not_history_calibrated
2026-02-18T12:00:00Z,2026-02-18T00:00:00Z,turbine_2,2026-02-18T16:00:00Z,2026-02-18T19:00:00Z,0.3656652153916255,0.14709189691993396,0.21857331847169154,0.2,demonstration_not_history_calibrated
2026-02-18T12:00:00Z,2026-02-18T00:00:00Z,turbine_2,2026-02-20T01:00:00Z,2026-02-20T04:00:00Z,0.4631539350726847,0.15528826495110656,0.30786567012157814,0.2,demonstration_not_history_calibrated
2026-02-18T12:00:00Z,2026-02-18T00:00:00Z,turbine_2,2026-02-20T02:00:00Z,2026-02-20T05:00:00Z,0.3713274191656214,0.09791534736410379,0.27341207180151761,0.2,demonstration_not_history_calibrated
2026-02-18T12:00:00Z,2026-02-18T00:00:00Z,turbine_2,2026-02-20T03:00:00Z,2026-02-20T06:00:00Z,0.33014756906055603,0.05126263071238124,0.27888493834817479,0.2,demonstration_not_history_calibrated
2026-02-19T12:00:00Z,2026-02-19T00:00:00Z,turbine_1,2026-02-20T01:00:00Z,2026-02-20T04:00:00Z,0.5037919640621354,0.25137437713233385,0.25241758692980155,0.2,demonstration_not_history_calibrated
2026-02-19T12:00:00Z,2026-02-19T00:00:00Z,turbine_1,2026-02-20T02:00:00Z,2026-02-20T05:00:00Z,0.5937619164370067,0.15971471098255402,0.43404720545445268,0.2,demonstration_not_history_calibrated
2026-02-19T12:00:00Z,2026-02-19T00:00:00Z,turbine_1,2026-02-20T03:00:00Z,2026-02-20T06:00:00Z,0.4918909795101504,0.14472937952777806,0.34716159998237234,0.2,demonstration_not_history_calibrated
2026-02-19T12:00:00Z,2026-02-19T00:00:00Z,turbine_1,2026-02-20T19:00:00Z,2026-02-20T22:00:00Z,0.592714597853015,0.37139672494530934,0.22131787290770566,0.2,demonstration_not_history_calibrated
2026-02-19T12:00:00Z,2026-02-19T00:00:00Z,turbine_1,2026-02-20T20:00:00Z,2026-02-20T23:00:00Z,0.5055497417986433,0.23854263052170735,0.26700711127693595,0.2,demonstration_not_history_calibrated
2026-02-19T12:00:00Z,2026-02-19T00:00:00Z,turbine_1,2026-02-20T21:00:00Z,2026-02-21T00:00:00Z,0.4319839655182198,0.09536130702832951,0.33662265848989029,0.2,demonstration_not_history_calibrated
2026-02-19T12:00:00Z,2026-02-19T00:00:00Z,turbine_1,2026-02-20T22:00:00Z,2026-02-21T01:00:00Z,0.37139672494530934,0.0536042431410777,0.31779248180423164,0.2,demonstration_not_history_calibrated
2026-02-19T12:00:00Z,2026-02-19T00:00:00Z,turbine_1,2026-02-21T07:00:00Z,2026-02-21T10:00:00Z,0.9861290684708385,0.5817338209323324,0.4043952475385061,0.2,demonstration_not_history_calibrated
2026-02-19T12:00:00Z,2026-02-19T00:00:00Z,turbine_1,2026-02-21T08:00:00Z,2026-02-21T11:00:00Z,0.9828155548421332,0.2113952089924649,0.7714203458496683,0.2,demonstration_not_history_calibrated
2026-02-19T12:00:00Z,2026-02-19T00:00:00Z,turbine_1,2026-02-21T09:00:00Z,2026-02-21T12:00:00Z,0.9628285102687247,0.17872851479565954,0.78409999547306516,0.2,demonstration_not_history_calibrated
2026-02-19T12:00:00Z,2026-02-19T00:00:00Z,turbine_2,2026-02-20T01:00:00Z,2026-02-20T04:00:00Z,0.4868297662462614,0.2585327786261436,0.2282969876201178,0.2,demonstration_not_history_calibrated
2026-02-19T12:00:00Z,2026-02-19T00:00:00Z,turbine_2,2026-02-20T02:00:00Z,2026-02-20T05:00:00Z,0.5909284583753963,0.15455337157003934,0.43637508680535696,0.2,demonstration_not_history_calibrated
2026-02-19T12:00:00Z,2026-02-19T00:00:00Z,turbine_2,2026-02-20T03:00:00Z,2026-02-20T06:00:00Z,0.47836621987083733,0.13942397543359628,0.33894224443724105,0.2,demonstration_not_history_calibrated
2026-02-19T12:00:00Z,2026-02-19T00:00:00Z,turbine_2,2026-02-20T19:00:00Z,2026-02-20T22:00:00Z,0.568418512508459,0.3414489190230972,0.2269695934853618,0.2,demonstration_not_history_calibrated
2026-02-19T12:00:00Z,2026-02-19T00:00:00Z,turbine_2,2026-02-20T20:00:00Z,2026-02-20T23:00:00Z,0.47032285868537294,0.2140703171783108,0.25625254150706214,0.2,demonstration_not_history_calibrated
2026-02-19T12:00:00Z,2026-02-19T00:00:00Z,turbine_2,2026-02-20T21:00:00Z,2026-02-21T00:00:00Z,0.40487359851670757,0.08021836565815743,0.32465523285855014,0.2,demonstration_not_history_calibrated
2026-02-19T12:00:00Z,2026-02-19T00:00:00Z,turbine_2,2026-02-20T22:00:00Z,2026-02-21T01:00:00Z,0.3414489190230972,0.041244420856122566,0.300204498166974634,0.2,demonstration_not_history_calibrated
2026-02-19T12:00:00Z,2026-02-19T00:00:00Z,turbine_2,2026-02-21T07:00:00Z,2026-02-21T10:00:00Z,0.968868071773432,0.5781257440939365,0.3907423276794955,0.2,demonstration_not_history_calibrated
2026-02-19T12:00:00Z,2026-02-19T00:00:00Z,turbine_2,2026-02-21T08:00:00Z,2026-02-21T11:00:00Z,0.9681722822294943,0.21026051531723558,0.75791176691225872,0.2,demonstration_not_history_calibrated
2026-02-19T12:00:00Z,2026-02-19T00:00:00Z,turbine_2,2026-02-21T09:00:00Z,2026-02-21T12:00:00Z,0.9481847306230647,0.16449090350298567,0.78369382712007903,0.2,demonstration_not_history_calibrated
2026-02-20T12:00:00Z,2026-02-20T00:00:00Z,turbine_1,2026-02-20T20:00:00Z,2026-02-20T23:00:00Z,0.5787665993622657,0.3258883385272275,0.2528782608350382,0.2,demonstration_not_history_calibrated
2026-02-20T12:00:00Z,2026-02-20T00:00:00Z,turbine_1,2026-02-20T21:00:00Z,2026-02-21T00:00:00Z,0.46265428402357617,0.19127399695533245,0.27138028706824372,0.2,demonstration_not_history_calibrated
2026-02-20T12:00:00Z,2026-02-20T00:00:00Z,turbine_1,2026-02-20T22:00:00Z,2026-02-21T01:00:00Z,0.39856901232413,0.10465396224039808,0.29391505008373192,0.2,demonstration_not_history_calibrated
2026-02-20T12:00:00Z,2026-02-20T00:00:00Z,turbine_1,2026-02-20T23:00:00Z,2026-02-21T02:00:00Z,0.3258883385272275,0.08459878592726167,0.24128955259996583,0.2,demonstration_not_history_calibrated
2026-02-20T12:00:00Z,2026-02-20T00:00:00Z,turbine_1,2026-02-21T08:00:00Z,2026-02-21T11:00:00Z,0.9725147686591381,0.6499602940834304,0.3225544745757077,0.2,demonstration_not_history_calibrated
2026-02-20T12:00:00Z,2026-02-20T00:00:00Z,turbine_1,2026-02-21T09:00:00Z,2026-02-21T12:00:00Z,0.8863242473097618,0.5903466072706334,0.2959776400391284,0.2,demonstration_not_history_calibrated
2026-02-20T12:00:00Z,2026-02-20T00:00:00Z,turbine_1,2026-02-21T10:00:00Z,2026-02-21T13:00:00Z,0.8402597062878675,0.2701975173032952,0.5700621889845723,0.2,demonstration_not_history_calibrated
2026-02-20T12:00:00Z,2026-02-20T00:00:00Z,turbine_1,2026-02-21T11:00:00Z,2026-02-21T14:00:00Z,0.6499602940834304,0.2517672702827793,0.3981930238006511,0.2,demonstration_not_history_calibrated
2026-02-20T12:00:00Z,2026-02-20T00:00:00Z,turbine_1,2026-02-21T12:00:00Z,2026-02-21T15:00:00Z,0.5903466072706334,0.11372007354474795,0.47662653372588545,0.2,demonstration_not_history_calibrated
2026-02-20T12:00:00Z,2026-02-20T00:00:00Z,turbine_1,2026-02-21T19:00:00Z,2026-02-21T22:00:00Z,0.46332365710835993,0.07377246088885736,0.38955119621950257,0.2,demonstration_not_history_calibrated
2026-02-20T12:00:00Z,2026-02-20T00:00:00Z,turbine_1,2026-02-21T20:00:00Z,2026-02-21T23:00:00Z,0.42741531045119924,0.008698342961275696,0.418716967489923544,0.2,demonstration_not_history_calibrated
2026-02-20T12:00:00Z,2026-02-20T00:00:00Z,turbine_1,2026-02-21T21:00:00Z,2026-02-22T00:00:00Z,0.26783088631699636,0.007320634639534751,0.260510251677461609,0.2,demonstration_not_history_calibrated
2026-02-20T12:00:00Z,2026-02-20T00:00:00Z,turbine_2,2026-02-20T19:00:00Z,2026-02-20T22:00:00Z,0.569053756177857,0.36861238672384866,0.20044136945400834,0.2,demonstration_not_history_calibrated
2026-02-20T12:00:00Z,2026-02-20T00:00:00Z,turbine_2,2026-02-20T20:00:00Z,2026-02-20T23:00:00Z,0.558308840061204,0.30652099480206824,0.25178784525913576,0.2,demonstration_not_history_calibrated
2026-02-20T12:00:00Z,2026-02-20T00:00:00Z,turbine_2,2026-02-20T21:00:00Z,2026-02-21T00:00:00Z,0.4344652639155435,0.16863502769395255,0.26583023622159095,0.2,demonstration_not_history_calibrated
2026-02-20T12:00:00Z,2026-02-20T00:00:00Z,turbine_2,2026-02-20T22:00:00Z,2026-02-21T01:00:00Z,0.36861238672384866,0.08696719482813325,0.28164519189571541,0.2,demonstration_not_history_calibrated
2026-02-20T12:00:00Z,2026-02-20T00:00:00Z,turbine_2,2026-02-20T23:00:00Z,2026-02-21T02:00:00Z,0.30652099480206824,0.07384490061713622,0.23267609418493202,0.2,demonstration_not_history_calibrated
2026-02-20T12:00:00Z,2026-02-20T00:00:00Z,turbine_2,2026-02-21T08:00:00Z,2026-02-21T11:00:00Z,0.9680885859858918,0.6158688368021208,0.3522197491837710,0.2,demonstration_not_history_calibrated
2026-02-20T12:00:00Z,2026-02-20T00:00:00Z,turbine_2,2026-02-21T09:00:00Z,2026-02-21T12:00:00Z,0.8798333895028674,0.5819701742332128,0.2978632152696546,0.2,demonstration_not_history_calibrated
2026-02-20T12:00:00Z,2026-02-20T00:00:00Z,turbine_2,2026-02-21T10:00:00Z,2026-02-21T13:00:00Z,0.8350933275886161,0.25421269842406213,0.58088062916455397,0.2,demonstration_not_history_calibrated
2026-02-20T12:00:00Z,2026-02-20T00:00:00Z,turbine_2,2026-02-21T11:00:00Z,2026-02-21T14:00:00Z,0.6158688368021208,0.2310045152693796,0.3848643215327412,0.2,demonstration_not_history_calibrated
2026-02-20T12:00:00Z,2026-02-20T00:00:00Z,turbine_2,2026-02-21T12:00:00Z,2026-02-21T15:00:00Z,0.5819701742332128,0.09581892410019277,0.48615125013302003,0.2,demonstration_not_history_calibrated
2026-02-20T12:00:00Z,2026-02-20T00:00:00Z,turbine_2,2026-02-21T19:00:00Z,2026-02-21T22:00:00Z,0.4329603447861576,0.06609035857290724,0.36686998621325036,0.2,demonstration_not_history_calibrated
2026-02-20T12:00:00Z,2026-02-20T00:00:00Z,turbine_2,2026-02-21T20:00:00Z,2026-02-21T23:00:00Z,0.4022920246926433,0.005686279065831079,0.396605745626812221,0.2,demonstration_not_history_calibrated
2026-02-20T12:00:00Z,2026-02-20T00:00:00Z,turbine_2,2026-02-21T21:00:00Z,2026-02-22T00:00:00Z,0.24869508280633967,0.009024114800264105,0.239670968006075565,0.2,demonstration_not_history_calibrated
2026-02-21T12:00:00Z,2026-02-21T00:00:00Z,turbine_1,2026-02-22T07:00:00Z,2026-02-22T10:00:00Z,0.7802883755970977,0.5651639874121566,0.2151243881849411,0.2,demonstration_not_history_calibrated
2026-02-21T12:00:00Z,2026-02-21T00:00:00Z,turbine_1,2026-02-22T08:00:00Z,2026-02-22T11:00:00Z,0.7782480185849222,0.5051357454491608,0.2731122731357614,0.2,demonstration_not_history_calibrated
2026-02-21T12:00:00Z,2026-02-21T00:00:00Z,turbine_1,2026-02-22T10:00:00Z,2026-02-22T13:00:00Z,0.5651639874121566,0.19750062562420023,0.36766336178795637,0.2,demonstration_not_history_calibrated
2026-02-21T12:00:00Z,2026-02-21T00:00:00Z,turbine_1,2026-02-22T11:00:00Z,2026-02-22T14:00:00Z,0.5051357454491608,0.056095717614875196,0.449040027834285604,0.2,demonstration_not_history_calibrated
2026-02-21T12:00:00Z,2026-02-21T00:00:00Z,turbine_1,2026-02-22T12:00:00Z,2026-02-22T15:00:00Z,0.47731989483364,0.02050007077495214,0.45681982405868786,0.2,demonstration_not_history_calibrated
2026-02-21T12:00:00Z,2026-02-21T00:00:00Z,turbine_2,2026-02-22T08:00:00Z,2026-02-22T11:00:00Z,0.7558956541495333,0.505050661760467,0.2508449923890663,0.2,demonstration_not_history_calibrated
2026-02-21T12:00:00Z,2026-02-21T00:00:00Z,turbine_2,2026-02-22T10:00:00Z,2026-02-22T13:00:00Z,0.5736319450049493,0.1798561917627902,0.3937757532421591,0.2,demonstration_not_history_calibrated
2026-02-21T12:00:00Z,2026-02-21T00:00:00Z,turbine_2,2026-02-22T11:00:00Z,2026-02-22T14:00:00Z,0.505050661760467,0.0471136457325631,0.4579370160279039,0.2,demonstration_not_history_calibrated
2026-02-21T12:00:00Z,2026-02-21T00:00:00Z,turbine_2,2026-02-22T12:00:00Z,2026-02-22T15:00:00Z,0.4779790568893477,0.01768016836035341,0.46029888852899429,0.2,demonstration_not_history_calibrated
2026-02-22T12:00:00Z,2026-02-22T00:00:00Z,turbine_1,2026-02-22T13:00:00Z,2026-02-22T16:00:00Z,0.2166199619552246,0.010374585543065196,0.206245376412159404,0.2,demonstration_not_history_calibrated
2026-02-22T12:00:00Z,2026-02-22T00:00:00Z,turbine_1,2026-02-23T17:00:00Z,2026-02-23T20:00:00Z,0.959648817638587,0.7233394195335554,0.2363093981050316,0.2,demonstration_not_history_calibrated
2026-02-22T12:00:00Z,2026-02-22T00:00:00Z,turbine_1,2026-02-23T18:00:00Z,2026-02-23T21:00:00Z,0.8929043772152104,0.5910468465435088,0.3018575306717016,0.2,demonstration_not_history_calibrated
2026-02-22T12:00:00Z,2026-02-22T00:00:00Z,turbine_1,2026-02-23T19:00:00Z,2026-02-23T22:00:00Z,0.8582131356191436,0.6062462774469233,0.2519668581722203,0.2,demonstration_not_history_calibrated
2026-02-22T12:00:00Z,2026-02-22T00:00:00Z,turbine_1,2026-02-24T00:00:00Z,2026-02-24T03:00:00Z,0.6679742705335023,0.3808364819370859,0.2871377885964164,0.2,demonstration_not_history_calibrated
2026-02-22T12:00:00Z,2026-02-22T00:00:00Z,turbine_1,2026-02-24T01:00:00Z,2026-02-24T04:00:00Z,0.654744631986097,0.33567507871045094,0.31906955327564606,0.2,demonstration_not_history_calibrated
2026-02-22T12:00:00Z,2026-02-22T00:00:00Z,turbine_1,2026-02-24T02:00:00Z,2026-02-24T05:00:00Z,0.6448521716737268,0.30407753188121556,0.34077463979251124,0.2,demonstration_not_history_calibrated
2026-02-22T12:00:00Z,2026-02-22T00:00:00Z,turbine_2,2026-02-23T17:00:00Z,2026-02-23T20:00:00Z,0.9420631079058183,0.6657899937945677,0.2762731141112506,0.2,demonstration_not_history_calibrated
2026-02-22T12:00:00Z,2026-02-22T00:00:00Z,turbine_2,2026-02-23T18:00:00Z,2026-02-23T21:00:00Z,0.8451146383977657,0.5629593079807125,0.2821553304170532,0.2,demonstration_not_history_calibrated
2026-02-22T12:00:00Z,2026-02-22T00:00:00Z,turbine_2,2026-02-23T19:00:00Z,2026-02-23T22:00:00Z,0.8176385258888739,0.5748517188035605,0.2427868070853134,0.2,demonstration_not_history_calibrated
2026-02-22T12:00:00Z,2026-02-22T00:00:00Z,turbine_2,2026-02-24T00:00:00Z,2026-02-24T03:00:00Z,0.6296142557495605,0.348904854375031,0.2807094013745295,0.2,demonstration_not_history_calibrated
2026-02-22T12:00:00Z,2026-02-22T00:00:00Z,turbine_2,2026-02-24T01:00:00Z,2026-02-24T04:00:00Z,0.6146567619099824,0.31788910682989,0.2967676550800924,0.2,demonstration_not_history_calibrated
2026-02-22T12:00:00Z,2026-02-22T00:00:00Z,turbine_2,2026-02-24T02:00:00Z,2026-02-24T05:00:00Z,0.6025193339738237,0.27974293378386256,0.32277640018996114,0.2,demonstration_not_history_calibrated
2026-02-23T12:00:00Z,2026-02-23T00:00:00Z,turbine_1,2026-02-23T18:00:00Z,2026-02-23T21:00:00Z,0.8542350325419603,0.4223520933504678,0.4318829391914925,0.2,demonstration_not_history_calibrated
2026-02-23T12:00:00Z,2026-02-23T00:00:00Z,turbine_1,2026-02-23T19:00:00Z,2026-02-23T22:00:00Z,0.7576172387126052,0.4860262243957749,0.2715910143168303,0.2,demonstration_not_history_calibrated
2026-02-23T12:00:00Z,2026-02-23T00:00:00Z,turbine_1,2026-02-23T20:00:00Z,2026-02-23T23:00:00Z,0.6790332648352921,0.43528288772528234,0.24375037711000976,0.2,demonstration_not_history_calibrated
2026-02-23T12:00:00Z,2026-02-23T00:00:00Z,turbine_1,2026-02-25T05:00:00Z,2026-02-25T08:00:00Z,0.34683670576965897,0.14342103066657036,0.20341567510308861,0.2,demonstration_not_history_calibrated
2026-02-23T12:00:00Z,2026-02-23T00:00:00Z,turbine_2,2026-02-23T18:00:00Z,2026-02-23T21:00:00Z,0.8396950136693981,0.3924043425235852,0.4472906711458129,0.2,demonstration_not_history_calibrated
2026-02-23T12:00:00Z,2026-02-23T00:00:00Z,turbine_2,2026-02-23T19:00:00Z,2026-02-23T22:00:00Z,0.7281219527768688,0.4504162079406563,0.2777057448362125,0.2,demonstration_not_history_calibrated
2026-02-23T12:00:00Z,2026-02-23T00:00:00Z,turbine_2,2026-02-23T20:00:00Z,2026-02-23T23:00:00Z,0.6493992173754846,0.4067196181669908,0.2426795992084938,0.2,demonstration_not_history_calibrated
2026-02-23T12:00:00Z,2026-02-23T00:00:00Z,turbine_2,2026-02-25T05:00:00Z,2026-02-25T08:00:00Z,0.33725131872834924,0.13028406767961062,0.20696725104873862,0.2,demonstration_not_history_calibrated
2026-02-24T12:00:00Z,2026-02-24T00:00:00Z,turbine_1,2026-02-26T01:00:00Z,2026-02-26T04:00:00Z,0.3666901837238921,0.016255176364902257,0.350435007358989843,0.2,demonstration_not_history_calibrated
2026-02-24T12:00:00Z,2026-02-24T00:00:00Z,turbine_1,2026-02-26T05:00:00Z,2026-02-26T08:00:00Z,0.49581461972315516,0.048028714917336124,0.447785904805819036,0.2,demonstration_not_history_calibrated
2026-02-24T12:00:00Z,2026-02-24T00:00:00Z,turbine_2,2026-02-26T01:00:00Z,2026-02-26T04:00:00Z,0.34494318175283345,0.01025520858012241,0.33468797317271104,0.2,demonstration_not_history_calibrated
2026-02-24T12:00:00Z,2026-02-24T00:00:00Z,turbine_2,2026-02-26T05:00:00Z,2026-02-26T08:00:00Z,0.4525253636551806,0.045785263267572096,0.406740100387608504,0.2,demonstration_not_history_calibrated
2026-02-25T12:00:00Z,2026-02-25T00:00:00Z,turbine_1,2026-02-25T20:00:00Z,2026-02-25T23:00:00Z,0.5898125328408088,0.34331377951578,0.2464987533250288,0.2,demonstration_not_history_calibrated
2026-02-25T12:00:00Z,2026-02-25T00:00:00Z,turbine_1,2026-02-25T21:00:00Z,2026-02-26T00:00:00Z,0.5661886115769154,0.24469685654021148,0.32149175503670392,0.2,demonstration_not_history_calibrated
2026-02-25T12:00:00Z,2026-02-25T00:00:00Z,turbine_1,2026-02-25T22:00:00Z,2026-02-26T01:00:00Z,0.4573070200588458,0.19731462022014565,0.25999239983870015,0.2,demonstration_not_history_calibrated
2026-02-25T12:00:00Z,2026-02-25T00:00:00Z,turbine_1,2026-02-25T23:00:00Z,2026-02-26T02:00:00Z,0.34331377951578,0.13276871415966995,0.21054506535611005,0.2,demonstration_not_history_calibrated
2026-02-25T12:00:00Z,2026-02-25T00:00:00Z,turbine_1,2026-02-26T06:00:00Z,2026-02-26T09:00:00Z,0.7515407060854769,0.051617539113467725,0.699923166972009175,0.2,demonstration_not_history_calibrated
2026-02-25T12:00:00Z,2026-02-25T00:00:00Z,turbine_1,2026-02-26T07:00:00Z,2026-02-26T10:00:00Z,0.3715494193000063,0.07185323656303544,0.29969618273697086,0.2,demonstration_not_history_calibrated
2026-02-25T12:00:00Z,2026-02-25T00:00:00Z,turbine_1,2026-02-26T13:00:00Z,2026-02-26T16:00:00Z,0.4962646252704046,0.24542687982033026,0.25083774545007434,0.2,demonstration_not_history_calibrated
2026-02-25T12:00:00Z,2026-02-25T00:00:00Z,turbine_1,2026-02-26T21:00:00Z,2026-02-27T00:00:00Z,0.7246028495432264,0.4798746018323891,0.2447282477108373,0.2,demonstration_not_history_calibrated
2026-02-25T12:00:00Z,2026-02-25T00:00:00Z,turbine_1,2026-02-26T22:00:00Z,2026-02-27T01:00:00Z,0.7305368608187103,0.32397352309101063,0.40656333772769967,0.2,demonstration_not_history_calibrated
2026-02-25T12:00:00Z,2026-02-25T00:00:00Z,turbine_1,2026-02-27T02:00:00Z,2026-02-27T05:00:00Z,0.35106645856122654,0.09672200364999478,0.25434445491123176,0.2,demonstration_not_history_calibrated
2026-02-25T12:00:00Z,2026-02-25T00:00:00Z,turbine_2,2026-02-25T20:00:00Z,2026-02-25T23:00:00Z,0.565963649284427,0.336895544204924,0.229068105079503,0.2,demonstration_not_history_calibrated
2026-02-25T12:00:00Z,2026-02-25T00:00:00Z,turbine_2,2026-02-25T21:00:00Z,2026-02-26T00:00:00Z,0.5352726379183074,0.23179852936616469,0.30347410855214271,0.2,demonstration_not_history_calibrated
2026-02-25T12:00:00Z,2026-02-25T00:00:00Z,turbine_2,2026-02-25T22:00:00Z,2026-02-26T01:00:00Z,0.4304564446095174,0.1820667098789679,0.2483897347305495,0.2,demonstration_not_history_calibrated
2026-02-25T12:00:00Z,2026-02-25T00:00:00Z,turbine_2,2026-02-25T23:00:00Z,2026-02-26T02:00:00Z,0.336895544204924,0.1208575787987298,0.2160379654061942,0.2,demonstration_not_history_calibrated
2026-02-25T12:00:00Z,2026-02-25T00:00:00Z,turbine_2,2026-02-26T06:00:00Z,2026-02-26T09:00:00Z,0.7128594931710961,0.04586547156725235,0.66699402160384375,0.2,demonstration_not_history_calibrated
2026-02-25T12:00:00Z,2026-02-25T00:00:00Z,turbine_2,2026-02-26T07:00:00Z,2026-02-26T10:00:00Z,0.34787206365953227,0.06622318288967827,0.28164888076985400,0.2,demonstration_not_history_calibrated
2026-02-25T12:00:00Z,2026-02-25T00:00:00Z,turbine_2,2026-02-26T13:00:00Z,2026-02-26T16:00:00Z,0.46584492889114465,0.2328286281260869,0.23301630076505775,0.2,demonstration_not_history_calibrated
2026-02-25T12:00:00Z,2026-02-25T00:00:00Z,turbine_2,2026-02-26T21:00:00Z,2026-02-27T00:00:00Z,0.6838141340065951,0.43690212403303413,0.24691200997356097,0.2,demonstration_not_history_calibrated
2026-02-25T12:00:00Z,2026-02-25T00:00:00Z,turbine_2,2026-02-26T22:00:00Z,2026-02-27T01:00:00Z,0.6906342012235769,0.3050771976048719,0.3855570036187050,0.2,demonstration_not_history_calibrated
2026-02-25T12:00:00Z,2026-02-25T00:00:00Z,turbine_2,2026-02-27T02:00:00Z,2026-02-27T05:00:00Z,0.32813323237722763,0.08149942125658394,0.24663381112064369,0.2,demonstration_not_history_calibrated
2026-02-26T12:00:00Z,2026-02-26T00:00:00Z,turbine_1,2026-02-26T17:00:00Z,2026-02-26T20:00:00Z,0.5784722851535515,0.14125533153210898,0.43721695362144252,0.2,demonstration_not_history_calibrated
2026-02-26T12:00:00Z,2026-02-26T00:00:00Z,turbine_1,2026-02-26T18:00:00Z,2026-02-26T21:00:00Z,0.5182846321874219,0.19873561600444134,0.31954901618298056,0.2,demonstration_not_history_calibrated
2026-02-26T12:00:00Z,2026-02-26T00:00:00Z,turbine_2,2026-02-26T17:00:00Z,2026-02-26T20:00:00Z,0.5351098554556675,0.1353840895034362,0.3997257659522313,0.2,demonstration_not_history_calibrated
2026-02-26T12:00:00Z,2026-02-26T00:00:00Z,turbine_2,2026-02-26T18:00:00Z,2026-02-26T21:00:00Z,0.4878436121308688,0.18016353597513507,0.30768007615573373,0.2,demonstration_not_history_calibrated
2026-02-27T12:00:00Z,2026-02-27T00:00:00Z,turbine_1,2026-02-27T16:00:00Z,2026-02-27T19:00:00Z,0.45548698961122525,0.24016197108446008,0.21532501852676517,0.2,demonstration_not_history_calibrated
2026-02-27T12:00:00Z,2026-02-27T00:00:00Z,turbine_1,2026-02-28T09:00:00Z,2026-02-28T12:00:00Z,0.42336209557358095,0.20504001092200425,0.21832208465157670,0.2,demonstration_not_history_calibrated
2026-02-28T12:00:00Z,2026-02-28T00:00:00Z,turbine_1,2026-02-28T13:00:00Z,2026-02-28T16:00:00Z,0.3350038032212514,0.03539860218259211,0.29960520103865929,0.2,demonstration_not_history_calibrated
2026-02-28T12:00:00Z,2026-02-28T00:00:00Z,turbine_1,2026-03-01T21:00:00Z,2026-03-02T00:00:00Z,0.6431805204407268,0.34477304464995545,0.29840747579077135,0.2,demonstration_not_history_calibrated
2026-02-28T12:00:00Z,2026-02-28T00:00:00Z,turbine_1,2026-03-01T22:00:00Z,2026-03-02T01:00:00Z,0.5459437006261381,0.26472085873966933,0.28122284188646877,0.2,demonstration_not_history_calibrated
2026-02-28T12:00:00Z,2026-02-28T00:00:00Z,turbine_2,2026-02-28T13:00:00Z,2026-02-28T16:00:00Z,0.32231294179840253,0.04192328746067914,0.28038965433772339,0.2,demonstration_not_history_calibrated
2026-02-28T12:00:00Z,2026-02-28T00:00:00Z,turbine_2,2026-03-01T21:00:00Z,2026-03-02T00:00:00Z,0.6003223188873557,0.32802364772797044,0.27229867115938526,0.2,demonstration_not_history_calibrated
2026-02-28T12:00:00Z,2026-02-28T00:00:00Z,turbine_2,2026-03-01T22:00:00Z,2026-03-02T01:00:00Z,0.51519449295518,0.2502841714688794,0.2649103214863006,0.2,demonstration_not_history_calibrated
